arc_type,rel_pin,rel_pin_dir,constr_pin_dir,probe_pattern,num_rules,num_templates,num_cell_patterns,pairs_json
hold,CP,rise,rise,len_1,34,30,15,"[{""cell_pattern"":[""DCCKDIV4*""],""template"":""hold/template__DIV4__rise__rise__1.sp""},{""cell_pattern"":[""*EDFCNSPQ*D*""],""template"":""hold/template__EDF__D__rise__rise__glitch__minq__1.sp""},{""cell_pattern"":[""*EDF*D*""],""template"":""hold/template__EDF__D__rise__rise__glitch__1.sp""},{""cell_pattern"":[""*EDF*D*""],""template"":""hold/template__EDF__notD__rise__rise__glitch__1.sp""},{""cell_pattern"":[""MB*EDF*ITL*""],""template"":""hold/template__EDF__rise__E__rise__glitch__maxq__1.sp""},{""cell_pattern"":[""MB*""],""template"":""hold/template__MB__common__rise__rise__2.sp""},{""cell_pattern"":[""MB8SRLSDFOR2*""],""template"":""hold/template__common__rise__DA__rise__1.sp""},{""cell_pattern"":[""MB8SRLSDFOR2*""],""template"":""hold/template__common__rise__DB__rise__1.sp""},{""cell_pattern"":[""MB2SRLSDFAO22*""],""template"":""hold/template__AO22__rise__DA1__rise__1.sp""},{""cell_pattern"":[""MB2SRLSDFAO22*""],""template"":""hold/template__AO22__rise__DA2__rise__1.sp""},{""cell_pattern"":[""MB2SRLSDFAO22*""],""template"":""hold/template__AO22__rise__DB1__rise__1.sp""},{""cell_pattern"":[""MB2SRLSDFAO22*""],""template"":""hold/template__AO22__rise__DB2__rise__1.sp""},{""cell_pattern"":[""MB2SRLSDFAO22*""],""template"":""hold/template__AO22__rise__DC1__rise__1.sp""},{""cell_pattern"":[""MB2SRLSDFAO22*""],""template"":""hold/template__AO22__rise__DC2__rise__1.sp""},{""cell_pattern"":[""MB2SRLSDFAO22*""],""template"":""hold/template__AO22__rise__DD1__rise__1.sp""},{""cell_pattern"":[""MB2SRLSDFAO22*""],""template"":""hold/template__AO22__rise__DD2__rise__1.sp""},{""cell_pattern"":[""MB2SRLSDFOA22*""],""template"":""hold/template__OA22__rise__DA1__rise__1.sp""},{""cell_pattern"":[""MB2SRLSDFOA22*""],""template"":""hold/template__OA22__rise__DA2__rise__1.sp""},{""cell_pattern"":[""MB2SRLSDFOA22*""],""template"":""hold/template__OA22__rise__DB1__rise__1.sp""},{""cell_pattern"":[""MB2SRLSDFOA22*""],""template"":""hold/template__OA22__rise__DB2__rise__1.sp""},{""cell_pattern"":[""MB2SRLSDFOA22*""],""template"":""hold/template__OA22__rise__DC1__rise__1.sp""},{""cell_pattern"":[""MB2SRLSDFOA22*""],""template"":""hold/template__OA22__rise__DC2__rise__1.sp""},{""cell_pattern"":[""MB2SRLSDFOA22*""],""template"":""hold/template__OA22__rise__DD1__rise__1.sp""},{""cell_pattern"":[""MB2SRLSDFOA22*""],""template"":""hold/template__OA22__rise__DD2__rise__1.sp""},{""cell_pattern"":[""*DFDET*""],""template"":""hold/template__SLH__rise__SE__rise__pushout__3.sp""},{""cell_pattern"":[],""template"":""hold/template__common__rise__rise__1.sp""},{""cell_pattern"":[],""template"":""hold/template__common__rise__rise__1.sp""},{""cell_pattern"":[],""template"":""hold/template__common__rise__rise__1.sp""},{""cell_pattern"":[],""template"":""hold/template__common__rise__rise__1.sp""},{""cell_pattern"":[""MB*SRLSDFQN*""],""template"":""hold/template__MB__rise__E__rise__glitch__minq__1.sp""},{""cell_pattern"":[""MB*SRLSDFKRP*""],""template"":""hold/template__MB__rise__E__rise__glitch__minq__1.sp""},{""cell_pattern"":[""MB*SRLSDF*ICG*""],""template"":""hold/template__MB__notD__rise__E__rise__glitch__minq__1.sp""},{""cell_pattern"":[""MB*SRLSDF*""],""template"":""hold/template__MB__rise__E__rise__glitch__maxq__1.sp""},{""cell_pattern"":[""CKLNQAO22*""],""template"":""hold/template__latch__rise__rise__glitch__maxq__1.sp""}]"
hold,CP,rise,fall,len_1,33,29,14,"[{""cell_pattern"":[""DCCKDIV4*""],""template"":""hold/template__DIV4__rise__fall__1.sp""},{""cell_pattern"":[""*EDF*D*""],""template"":""hold/template__EDF__D__rise__fall__pushout__1.sp""},{""cell_pattern"":[""*EDF*D*""],""template"":""hold/template__EDF__notD__rise__fall__pushout__1.sp""},{""cell_pattern"":[""MB*SRLSEDF*ITL*""],""template"":""hold/template__MB__EDF__rise__E__fall__pushout__maxq__1.sp""},{""cell_pattern"":[""MB*EDF*ITL*""],""template"":""hold/template__MB__EDF__rise__E__fall__pushout__minq__1.sp""},{""cell_pattern"":[""MB*""],""template"":""hold/template__MB__common__rise__fall__2.sp""},{""cell_pattern"":[""MB8SRLSDFOR2*""],""template"":""hold/template__common__rise__DA__fall__1.sp""},{""cell_pattern"":[""MB8SRLSDFOR2*""],""template"":""hold/template__common__rise__DB__fall__1.sp""},{""cell_pattern"":[""MB2SRLSDFAO22*""],""template"":""hold/template__AO22__rise__DA1__fall__1.sp""},{""cell_pattern"":[""MB2SRLSDFAO22*""],""template"":""hold/template__AO22__rise__DA2__fall__1.sp""},{""cell_pattern"":[""MB2SRLSDFAO22*""],""template"":""hold/template__AO22__rise__DB1__fall__1.sp""},{""cell_pattern"":[""MB2SRLSDFAO22*""],""template"":""hold/template__AO22__rise__DB2__fall__1.sp""},{""cell_pattern"":[""MB2SRLSDFAO22*""],""template"":""hold/template__AO22__rise__DC1__fall__1.sp""},{""cell_pattern"":[""MB2SRLSDFAO22*""],""template"":""hold/template__AO22__rise__DC2__fall__1.sp""},{""cell_pattern"":[""MB2SRLSDFAO22*""],""template"":""hold/template__AO22__rise__DD1__fall__1.sp""},{""cell_pattern"":[""MB2SRLSDFAO22*""],""template"":""hold/template__AO22__rise__DD2__fall__1.sp""},{""cell_pattern"":[""MB2SRLSDFOA22*""],""template"":""hold/template__OA22__rise__DA1__fall__1.sp""},{""cell_pattern"":[""MB2SRLSDFOA22*""],""template"":""hold/template__OA22__rise__DA2__fall__1.sp""},{""cell_pattern"":[""MB2SRLSDFOA22*""],""template"":""hold/template__OA22__rise__DB1__fall__1.sp""},{""cell_pattern"":[""MB2SRLSDFOA22*""],""template"":""hold/template__OA22__rise__DB2__fall__1.sp""},{""cell_pattern"":[""MB2SRLSDFOA22*""],""template"":""hold/template__OA22__rise__DC1__fall__1.sp""},{""cell_pattern"":[""MB2SRLSDFOA22*""],""template"":""hold/template__OA22__rise__DC2__fall__1.sp""},{""cell_pattern"":[""MB2SRLSDFOA22*""],""template"":""hold/template__OA22__rise__DD1__fall__1.sp""},{""cell_pattern"":[""MB2SRLSDFOA22*""],""template"":""hold/template__OA22__rise__DD2__fall__1.sp""},{""cell_pattern"":[""*DFDET*""],""template"":""hold/template__SLH__rise__SE__fall__pushout__3.sp""},{""cell_pattern"":[],""template"":""hold/template__common__rise__fall__1.sp""},{""cell_pattern"":[],""template"":""hold/template__common__rise__fall__1.sp""},{""cell_pattern"":[],""template"":""hold/template__common__rise__fall__1.sp""},{""cell_pattern"":[],""template"":""hold/template__common__rise__fall__1.sp""},{""cell_pattern"":[""MB*SRLSDFQN*""],""template"":""hold/template__MB__rise__E__fall__pushout__maxq__1.sp""},{""cell_pattern"":[""MB*SRLSDFKRP*""],""template"":""hold/template__MB__rise__E__fall__pushout__maxq__1.sp""},{""cell_pattern"":[""MB*SRLSDF*""],""template"":""hold/template__MB__rise__E__fall__pushout__minq__1.sp""},{""cell_pattern"":[""CKLNQAO22*""],""template"":""hold/template__latch__rise__fall__pushout__1.sp""}]"
unknown,[],null,null,none,16,16,9,"[{""cell_pattern"":[],""template"":""hold/template__gclk__rise__clkdivrst__rise__pushout__2.sp""},{""cell_pattern"":[],""template"":""hold/template__gclk__rise__clkdivrst__fall__glitch__maxq__2.sp""},{""cell_pattern"":[""*CKLH*""],""template"":""hold/template__latch__fall__fall__glitch__minq__1.sp""},{""cell_pattern"":[""*SYNC2*""],""template"":""min_pulse_width/template__sync2__CP__rise__fall__1.sp""},{""cell_pattern"":[""*SYNC3*""],""template"":""min_pulse_width/template__sync3__CP__rise__fall__1.sp""},{""cell_pattern"":[""*SYNC4*""],""template"":""min_pulse_width/template__sync4__CP__rise__fall__1.sp""},{""cell_pattern"":[""*SYNC5*""],""template"":""min_pulse_width/template__sync5__CP__rise__fall__1.sp""},{""cell_pattern"":[""*SYNC6*""],""template"":""min_pulse_width/template__sync6__CP__rise__fall__1.sp""},{""cell_pattern"":[""*SYNC2*""],""template"":""min_pulse_width/template__CP__sync2__D__fall__rise__1.sp""},{""cell_pattern"":[""*SYNC3*""],""template"":""min_pulse_width/template__CP__sync3__D__fall__rise__1.sp""},{""cell_pattern"":[""*SYNC4*""],""template"":""min_pulse_width/template__CP__sync4__D__fall__rise__1.sp""},{""cell_pattern"":[""*SYNC5*""],""template"":""min_pulse_width/template__CP__sync5__D__fall__rise__1.sp""},{""cell_pattern"":[""*SYNC6*""],""template"":""min_pulse_width/template__CP__sync6__D__fall__rise__1.sp""},{""cell_pattern"":[""*DRDF*""],""template"":""min_pulse_width/template__DRDF__CP__fall__rise__2.sp""},{""cell_pattern"":[""*DRDF*""],""template"":""min_pulse_width/template__DRDF__CP__rise__fall__2.sp""},{""cell_pattern"":[""*DET*""],""template"":""min_pulse_width/template__DET__CP__fall__rise__1.sp""}]"
min_pulse_width,CP,null,rise,none,10,10,7,"[{""cell_pattern"":[""PTCKG*""],""template"":""min_pulse_width/template__PTCKG__CP__rise__fall__1.sp""},{""cell_pattern"":[""CKGOR*"",""CKGOA*"",""CKGNR*""],""template"":""min_pulse_width/template__CKGOR2__rise__fall__1.sp""},{""cell_pattern"":[""*OR2*"",""*OA2*""],""template"":""min_pulse_width/template__OR2__rise__fall__1.sp""},{""cell_pattern"":[""*AO2*""],""template"":""min_pulse_width/template__AO2__rise__fall__1.sp""},{""cell_pattern"":[],""template"":""min_pulse_width/template__DA__rise__rise__1.sp""},{""cell_pattern"":[""*DETQNLTSO*""],""template"":""min_pulse_width/template__DET__LP__D__CP__rise__fall__1.sp""},{""cell_pattern"":[""*DETQNRESO*""],""template"":""min_pulse_width/template__DET__RE__D__CP__rise__fall__1.sp""},{""cell_pattern"":[""*DETQNLTSO*""],""template"":""min_pulse_width/template__DET__LP__notD__CP__rise__fall__1.sp""},{""cell_pattern"":[""*DETQNRESO*""],""template"":""min_pulse_width/template__DET__RE__notD__CP__rise__fall__1.sp""},{""cell_pattern"":[],""template"":""min_pulse_width/template__CP__rise__fall__1.sp""}]"
min_pulse_width,CP,null,fall,none,9,9,7,"[{""cell_pattern"":[""CKGOR*"",""CKGOA*"",""CKGNR*""],""template"":""min_pulse_width/template__CKGOR2__fall__rise__1.sp""},{""cell_pattern"":[""PTCKG*""],""template"":""min_pulse_width/template__PTCKG__CP__fall__rise__1.sp""},{""cell_pattern"":[""*OR2*"",""*OA2*""],""template"":""min_pulse_width/template__OR2__fall__rise__1.sp""},{""cell_pattern"":[""*AO2*""],""template"":""min_pulse_width/template__AO2__fall__rise__1.sp""},{""cell_pattern"":[],""template"":""min_pulse_width/template__DA__fall__rise__1.sp""},{""cell_pattern"":[""*DETQNLTSO*""],""template"":""min_pulse_width/template__DET__LP__D__CP__fall__rise__1.sp""},{""cell_pattern"":[""*DETQNRESO*""],""template"":""min_pulse_width/template__DET__RE__D__CP__fall__rise__1.sp""},{""cell_pattern"":[""*DETQNLTSO*""],""template"":""min_pulse_width/template__DET__LP__notD__CP__fall__rise__1.sp""},{""cell_pattern"":[""*DETQNRESO*""],""template"":""min_pulse_width/template__DET__RE__notD__CP__fall__rise__1.sp""}]"
nochange_high_high,CP,rise,rise,none,8,8,8,"[{""cell_pattern"":[""CKGND2CCHD2BWP143M169H3P45CPD*"",""CKGND2CCHEQAD1BWP143M169H3P45CPD*""],""template"":""nochange/template__ckgn__setup__rise__en__rise__pushout__0.sp""},{""cell_pattern"":[""CKGAN2CCHD1BWP143M169H3P45CPD*"",""CKGAN2CCHEQAD2BWP143M169H3P45CPD*""],""template"":""nochange/template__ckg__setup__rise__en__rise__pushout__0.sp""},{""cell_pattern"":[""*CKG*NR*"",""*CKG*ND*""],""template"":""nochange/template__ckgn__setup__rise__en__rise__pushout__1.sp""},{""cell_pattern"":[""*CKG*AN*"",""*CKG*OR*""],""template"":""nochange/template__ckg__setup__rise__en__rise__pushout__1.sp""},{""cell_pattern"":[""*CKGIAN*""],""template"":""nochange/template__ckgian__setup__rise__enb__rise__20__percent__glitch__minq__1.sp""},{""cell_pattern"":[""RLH*""],""template"":""nochange/template__retn__latch__setup__D__CDN__SDN__sleep__rise__rise__glitch__maxq__1.sp""},{""cell_pattern"":[""RS*NBNSP*""],""template"":""nochange/template__retn__flop__setup__notD__CDN__SDN__nsleep__rise__rise__pushout__maxq__1.sp""},{""cell_pattern"":[""RS*NBSP*""],""template"":""nochange/template__retn__flop__setup__notD__CDN__SDN__sleep__rise__rise__glitch__minq__1.sp""}]"
nochange_high_high,CP,fall,fall,none,8,8,8,"[{""cell_pattern"":[""CKGND2CCHD2BWP143M169H3P45CPD*"",""CKGND2CCHEQAD1BWP143M169H3P45CPD*""],""template"":""nochange/template__ckgn__hold__fall__en__fall__pushout__negative__0.sp""},{""cell_pattern"":[""CKGAN2CCHD1BWP143M169H3P45CPD*"",""CKGAN2CCHEQAD2BWP143M169H3P45CPD*""],""template"":""nochange/template__ckg__hold__fall__en__fall__pushout__negative__0.sp""},{""cell_pattern"":[""*CKG*NR*"",""*CKG*ND*""],""template"":""nochange/template__ckgn__hold__fall__en__fall__pushout__negative__1.sp""},{""cell_pattern"":[""*CKG*AN*"",""*CKG*OR*""],""template"":""nochange/template__ckg__hold__fall__en__fall__pushout__negative__1.sp""},{""cell_pattern"":[""*CKGIAN*""],""template"":""nochange/template__ckgian__hold__fall__enb__fall__20__percent__glitch__minq__1.sp""},{""cell_pattern"":[""RLH*""],""template"":""nochange/template__retn__latch__hold__notD__CDN__SDN__fall__sleep__fall__glitch__minq__1.sp""},{""cell_pattern"":[""RS*NBNSP*""],""template"":""nochange/template__retn__flop__hold__notD__CDN__SDN__fall__nsleep__fall__glitch__minq__1.sp""},{""cell_pattern"":[""RS*NBSP*""],""template"":""nochange/template__retn__flop__hold__notD__CDN__SDN__fall__sleep__fall__glitch__minq__1.sp""}]"
hold,E,fall,rise,none,8,7,5,"[{""cell_pattern"":[],""template"":""hold/template__basemeg__E__fall__A__rise__glitch__maxq__1.sp""},{""cell_pattern"":[],""template"":""hold/template__basemeg__E__fall__B__rise__glitch__maxq__1.sp""},{""cell_pattern"":[""MB*LH*QN*""],""template"":""hold/template__latch__fall__rise__glitch__minq__1.sp""},{""cell_pattern"":[""MB*SRLSLH*""],""template"":""hold/template__SLH__fall__SE__rise__glitch__maxq__1.sp""},{""cell_pattern"":[""SLH*"",""MB*SLH*""],""template"":""hold/template__SLH__fall__SE__rise__glitch__minq__1.sp""},{""cell_pattern"":[],""template"":""hold/template__common__fall__rise__1.sp""},{""cell_pattern"":[""MB*LHQN*"",""MB*LNQN*""],""template"":""hold/template__latch__fall__rise__glitch__minq__1.sp""},{""cell_pattern"":[],""template"":""hold/template__latch__fall__rise__glitch__maxq__1.sp""}]"
nochange_low_high,CP,rise,fall,none,6,6,6,"[{""cell_pattern"":[""CKGND2CCHD2BWP143M169H3P45CPD*"",""CKGND2CCHEQAD1BWP143M169H3P45CPD*""],""template"":""nochange/template__ckg__setup__rise__en__fall__20__percent__glitch__minq__0.sp""},{""cell_pattern"":[""DC*CKG*"",""CKG*"",""PTCKG*ISO*""],""template"":""nochange/template__ckg__setup__rise__en__fall__20__percent__glitch__minq__1.sp""},{""cell_pattern"":[""*CKGIAN*""],""template"":""nochange/template__ckgian__setup__rise__enb__fall__pushout__1.sp""},{""cell_pattern"":[""RLH*""],""template"":""nochange/template__retn__latch__setup__notD__CDN__SDN__sleep__fall__rise__pushout__maxq__1.sp""},{""cell_pattern"":[""RS*NBNSP*""],""template"":""nochange/template__retn__flop__setup__notD__CDN__SDN__nsleep__fall__rise__glitch__minq__1.sp""},{""cell_pattern"":[""RS*NBSP*""],""template"":""nochange/template__retn__flop__setup__notD__CDN__SDN__sleep__fall__rise__pushout__maxq__1.sp""}]"
nochange_low_high,CP,fall,rise,none,6,6,6,"[{""cell_pattern"":[""CKGND2CCHD2BWP143M169H3P45CPD*"",""CKGND2CCHEQAD1BWP143M169H3P45CPD*""],""template"":""nochange/template__ckg__hold__fall__en__rise__20__percent__glitch__minq__0.sp""},{""cell_pattern"":[""DC*CKG*"",""CKG*"",""PTCKG*ISO*""],""template"":""nochange/template__ckg__hold__fall__en__rise__20__percent__glitch__minq__1.sp""},{""cell_pattern"":[""*CKGIAN*""],""template"":""nochange/template__ckgian__hold__fall__enb__rise__pushout__negative__1.sp""},{""cell_pattern"":[""RLH*""],""template"":""nochange/template__retn__latch__hold__notD__CDN__SDN__fall__sleep__rise__glitch__maxq__1.sp""},{""cell_pattern"":[""RS*NBNSP*""],""template"":""nochange/template__retn__flop__hold__notD__CDN__SDN__fall__nsleep__rise__glitch__minq__1.sp""},{""cell_pattern"":[""RS*NBSP*""],""template"":""nochange/template__retn__flop__hold__notD__CDN__SDN__fall__sleep__rise__glitch__minq__1.sp""}]"
hold,E,fall,fall,none,7,6,4,"[{""cell_pattern"":[],""template"":""hold/template__basemeg__E__fall__A__fall__glitch__minq__1.sp""},{""cell_pattern"":[],""template"":""hold/template__basemeg__E__fall__B__fall__glitch__minq__1.sp""},{""cell_pattern"":[""MB*LH*QN*""],""template"":""hold/template__latch__fall__fall__glitch__maxq__1.sp""},{""cell_pattern"":[""SLH*"",""MB*SLH*""],""template"":""hold/template__SLH__fall__SE__fall__glitch__maxq__1.sp""},{""cell_pattern"":[],""template"":""hold/template__common__fall__fall__1.sp""},{""cell_pattern"":[""MB*LHQN*"",""MB*LNQN*""],""template"":""hold/template__latch__fall__fall__glitch__maxq__1.sp""},{""cell_pattern"":[],""template"":""hold/template__latch__fall__fall__glitch__minq__1.sp""}]"
hold,CP,rise,fall,contains_Q1,5,5,5,"[{""cell_pattern"":[""*SYNC2*Q*""],""template"":""hold/template__sync2__q1__rise__fall__1.sp""},{""cell_pattern"":[""*SYNC3*Q*""],""template"":""hold/template__sync3__q1__rise__fall__1.sp""},{""cell_pattern"":[""*SYNC4*Q*""],""template"":""hold/template__sync4__q1__rise__fall__1.sp""},{""cell_pattern"":[""*SYNC5*Q*""],""template"":""hold/template__sync5__q1__rise__fall__1.sp""},{""cell_pattern"":[""*SYNC6*Q*""],""template"":""hold/template__sync6__q1__rise__fall__1.sp""}]"
hold,CP,rise,rise,contains_Q1,5,5,5,"[{""cell_pattern"":[""*SYNC2*Q*""],""template"":""hold/template__sync2__q1__rise__rise__1.sp""},{""cell_pattern"":[""*SYNC3*Q*""],""template"":""hold/template__sync3__q1__rise__rise__1.sp""},{""cell_pattern"":[""*SYNC4*Q*""],""template"":""hold/template__sync4__q1__rise__rise__1.sp""},{""cell_pattern"":[""*SYNC5*Q*""],""template"":""hold/template__sync5__q1__rise__rise__1.sp""},{""cell_pattern"":[""*SYNC6*Q*""],""template"":""hold/template__sync6__q1__rise__rise__1.sp""}]"
nochange_high_high,CLK,rise,rise,none,5,5,3,"[{""cell_pattern"":[""CK*RCB*D*"",""DCCK*RCB*D*""],""template"":""nochange/template__ckg__setup__rise__en__rise__pushout__1.sp""},{""cell_pattern"":[""CK*ND3*""],""template"":""nochange/template__ck__setup__EN2__EN1__rise__rise__pushout__1.sp""},{""cell_pattern"":[""CK*OAI21*""],""template"":""nochange/template__ck__setup__notEN2__EN1__rise__rise__pushout__1.sp""},{""cell_pattern"":[""CK*ND3*""],""template"":""nochange/template__ck__setup__EN1__EN2__rise__rise__pushout__1.sp""},{""cell_pattern"":[""CK*OAI21*""],""template"":""nochange/template__ck__setup__notEN1__EN2__rise__rise__pushout__1.sp""}]"
nochange_high_high,CLK,fall,fall,none,5,5,3,"[{""cell_pattern"":[""CK*RCB*D*"",""DCCK*RCB*D*""],""template"":""nochange/template__ckg__hold__fall__en__fall__pushout__negative__1.sp""},{""cell_pattern"":[""CK*ND3*""],""template"":""nochange/template__ck__hold__EN2__fall__EN1__fall__pushout__negative__1.sp""},{""cell_pattern"":[""CK*OAI21*""],""template"":""nochange/template__ck__hold__notEN2__fall__EN1__fall__pushout__negative__1.sp""},{""cell_pattern"":[""CK*ND3*""],""template"":""nochange/template__ck__hold__EN1__fall__EN2__fall__pushout__negative__1.sp""},{""cell_pattern"":[""CK*OAI21*""],""template"":""nochange/template__ck__hold__notEN1__fall__EN2__fall__pushout__negative__1.sp""}]"
nochange_low_high,CLK,rise,fall,none,5,5,3,"[{""cell_pattern"":[""CK*RCB*D*"",""DCCK*RCB*D*""],""template"":""nochange/template__ckg__setup__rise__en__fall__20__percent__glitch__minq__1.sp""},{""cell_pattern"":[""CK*ND3*""],""template"":""nochange/template__ck__setup__EN2__EN1__fall__rise__20__percent__glitch__minq__1.sp""},{""cell_pattern"":[""CK*OAI21*""],""template"":""nochange/template__ck__setup__notEN2__EN1__fall__rise__20__percent__glitch__minq__1.sp""},{""cell_pattern"":[""CK*ND3*""],""template"":""nochange/template__ck__setup__EN1__EN2__fall__rise__20__percent__glitch__minq__1.sp""},{""cell_pattern"":[""CK*OAI21*""],""template"":""nochange/template__ck__setup__notEN1__EN2__fall__rise__20__percent__glitch__minq__1.sp""}]"
nochange_low_high,CLK,fall,rise,none,5,5,3,"[{""cell_pattern"":[""CK*RCB*D*"",""DCCK*RCB*D*""],""template"":""nochange/template__ckg__hold__fall__en__rise__20__percent__glitch__minq__1.sp""},{""cell_pattern"":[""CK*ND3*""],""template"":""nochange/template__ck__hold__EN2__fall__EN1__rise__20__percent__glitch__minq__1.sp""},{""cell_pattern"":[""CK*OAI21*""],""template"":""nochange/template__ck__hold__notEN2__fall__EN1__rise__20__percent__glitch__minq__1.sp""},{""cell_pattern"":[""CK*ND3*""],""template"":""nochange/template__ck__hold__EN1__fall__EN2__rise__20__percent__glitch__minq__1.sp""},{""cell_pattern"":[""CK*OAI21*""],""template"":""nochange/template__ck__hold__notEN1__fall__EN2__rise__20__percent__glitch__minq__1.sp""}]"
nochange_low_low,CLK,fall,fall,none,5,5,3,"[{""cell_pattern"":[""CK*RCB*D*"",""DCCK*RCB*D*""],""template"":""nochange/template__ckg__setup__fall__en__fall__pushout__1.sp""},{""cell_pattern"":[""CK*NR3*""],""template"":""nochange/template__ck__setup__notEN2__EN1__fall__fall__pushout__1.sp""},{""cell_pattern"":[""CK*AOI21*""],""template"":""nochange/template__ck__setup__EN2__EN1__fall__fall__pushout__1.sp""},{""cell_pattern"":[""CK*NR3*""],""template"":""nochange/template__ck__setup__notEN1__EN2__fall__fall__pushout__1.sp""},{""cell_pattern"":[""CK*AOI21*""],""template"":""nochange/template__ck__setup__EN1__EN2__fall__fall__pushout__1.sp""}]"
nochange_low_low,CLK,rise,rise,none,5,5,3,"[{""cell_pattern"":[""CK*RCB*D*"",""DCCK*RCB*D*""],""template"":""nochange/template__ckg__hold__rise__en__rise__pushout__negative__1.sp""},{""cell_pattern"":[""CK*NR3*""],""template"":""nochange/template__ck__hold__notEN2__rise__EN1__rise__pushout__negative__1.sp""},{""cell_pattern"":[""CK*AOI21*""],""template"":""nochange/template__ck__hold__EN2__rise__EN1__rise__pushout__negative__1.sp""},{""cell_pattern"":[""CK*NR3*""],""template"":""nochange/template__ck__hold__notEN1__rise__EN2__rise__pushout__negative__1.sp""},{""cell_pattern"":[""CK*AOI21*""],""template"":""nochange/template__ck__hold__EN1__rise__EN2__rise__pushout__negative__1.sp""}]"
nochange_high_low,CLK,fall,rise,none,5,5,3,"[{""cell_pattern"":[""CK*RCB*D*"",""DCCK*RCB*D*""],""template"":""nochange/template__ckg__setup__fall__en__rise__20__percent__glitch__maxq__1.sp""},{""cell_pattern"":[""CK*NR3*""],""template"":""nochange/template__ck__setup__notEN2__EN1__rise__fall__20__percent__glitch__maxq__1.sp""},{""cell_pattern"":[""CK*AOI21*""],""template"":""nochange/template__ck__setup__EN2__EN1__rise__fall__20__percent__glitch__maxq__1.sp""},{""cell_pattern"":[""CK*NR3*""],""template"":""nochange/template__ck__setup__notEN1__EN2__rise__fall__20__percent__glitch__maxq__1.sp""},{""cell_pattern"":[""CK*AOI21*""],""template"":""nochange/template__ck__setup__EN1__EN2__rise__fall__20__percent__glitch__maxq__1.sp""}]"
nochange_high_low,CLK,rise,fall,none,5,5,3,"[{""cell_pattern"":[""CK*RCB*D*"",""DCCK*RCB*D*""],""template"":""nochange/template__ckg__hold__rise__en__fall__20__percent__glitch__maxq__1.sp""},{""cell_pattern"":[""CK*NR3*""],""template"":""nochange/template__ck__hold__notEN2__rise__EN1__fall__20__percent__glitch__maxq__1.sp""},{""cell_pattern"":[""CK*AOI21*""],""template"":""nochange/template__ck__hold__EN2__rise__EN1__fall__20__percent__glitch__maxq__1.sp""},{""cell_pattern"":[""CK*NR3*""],""template"":""nochange/template__ck__hold__notEN1__rise__EN2__fall__20__percent__glitch__maxq__1.sp""},{""cell_pattern"":[""CK*AOI21*""],""template"":""nochange/template__ck__hold__EN1__rise__EN2__fall__20__percent__glitch__maxq__1.sp""}]"
removal,CP,rise,rise,none,5,5,3,"[{""cell_pattern"":[""RSVNB*""],""template"":""hold/template__latch__rise__rise__glitch__maxq__1.sp""},{""cell_pattern"":[""RSVNB*""],""template"":""hold/template__latch__rise__rise__glitch__minq__1.sp""},{""cell_pattern"":[""RLH*""],""template"":""hold/template__retn__latch__removal__notD__CDN__SDN__rise__sleep__rise__pushout__maxq__1.sp""},{""cell_pattern"":[""*MB*""],""template"":""hold/template__MB__latch__rise__rise__glitch__minq__1.sp""},{""cell_pattern"":[""*MB*""],""template"":""hold/template__MB__latch__rise__rise__glitch__maxq__1.sp""}]"
non_seq_hold,RETN,fall,rise,contains_Q_bl_b|len_4,5,5,5,"[{""cell_pattern"":[""*RSSDFSYNC2*"",""*RSCDFSYNC2*""],""template"":""non_seq_hold/template__retn__nonseqhold__RETN__fall__CD__rise__glitch__minq__minbl_b__4.sp""},{""cell_pattern"":[""*RSSDFSYNC3*"",""*RSCDFSYNC3*""],""template"":""non_seq_hold/template__syn3__retn__nonseqhold__RETN__fall__CD__rise__glitch__minq__minbl_b__4.sp""},{""cell_pattern"":[""*RSSDFSYNC4*"",""*RSCDFSYNC4*""],""template"":""non_seq_hold/template__syn4__retn__nonseqhold__RETN__fall__CD__rise__glitch__minq__minbl_b__4.sp""},{""cell_pattern"":[""*RSSDFSYNC5*"",""*RSCDFSYNC5*""],""template"":""non_seq_hold/template__syn5__retn__nonseqhold__RETN__fall__CD__rise__glitch__minq__minbl_b__4.sp""},{""cell_pattern"":[""*RSSDFSYNC6*"",""*RSCDFSYNC6*""],""template"":""non_seq_hold/template__syn6__retn__nonseqhold__RETN__fall__CD__rise__glitch__minq__minbl_b__4.sp""}]"
nochange_low_low,RETN,rise,rise,contains_Q_bl_b|len_4,5,5,5,"[{""cell_pattern"":[""*RSSDFSYNC2*"",""*RSCDFSYNC2*""],""template"":""nochange_low_low/template__retn__nonseqhold__RETN__rise__CD__rise__pushout__4.sp""},{""cell_pattern"":[""*RSSDFSYNC3*"",""*RSCDFSYNC3*""],""template"":""nochange_low_low/template__syn3_retn__nonseqhold__RETN__rise__CD__rise__pushout__4.sp""},{""cell_pattern"":[""*RSSDFSYNC4*"",""*RSCDFSYNC4*""],""template"":""nochange_low_low/template__syn4_retn__nonseqhold__RETN__rise__CD__rise__pushout__4.sp""},{""cell_pattern"":[""*RSSDFSYNC5*"",""*RSCDFSYNC5*""],""template"":""nochange_low_low/template__syn5_retn__nonseqhold__RETN__rise__CD__rise__pushout__4.sp""},{""cell_pattern"":[""*RSSDFSYNC6*"",""*RSCDFSYNC6*""],""template"":""nochange_low_low/template__syn6_retn__nonseqhold__RETN__rise__CD__rise__pushout__4.sp""}]"
unknown,nx,null,null,none,4,4,1,"[{""cell_pattern"":[],""template"":""nochange/template__ckg__setup__nx__rise__en__rise__pushout__minq__1.sp""},{""cell_pattern"":[],""template"":""nochange/template__ckg__hold__nx__fall__en__fall__pushout__maxq__1.sp""},{""cell_pattern"":[],""template"":""nochange/template__ckg__setup__nx__rise__en__fall__20__percent__glitch__minq__1.sp""},{""cell_pattern"":[],""template"":""nochange/template__ckg__hold__nx__fall__clken__rise__glitch__minq.sp""}]"
unknown,CLKIN,null,null,none,4,4,1,"[{""cell_pattern"":[],""template"":""nochange/template__ckg__setup__rise__en__rise__pushout__minq__1.sp""},{""cell_pattern"":[],""template"":""nochange/template__ckg__hold__fall__en__fall__pushout__maxq__1.sp""},{""cell_pattern"":[],""template"":""nochange/template__ckg__setup__rise__en__fall__20__percent__glitch__minq__1.sp""},{""cell_pattern"":[],""template"":""nochange/template__ckg__hold__fall__en__rise__20__percent__glitch__minq__1.sp""}]"
hold,CP,rise,rise,none,4,4,2,"[{""cell_pattern"":[""EDFKCNQ*""],""template"":""hold/template__SLH__rise__SE__rise__pushout__1.sp""},{""cell_pattern"":[],""template"":""hold/template__latch__rise__rise__glitch__maxq__1.sp""},{""cell_pattern"":[],""template"":""hold/template__RCB__rise__rise__pushout__maxq__negative__1.sp""},{""cell_pattern"":[],""template"":""hold/template__latch__rise__rise__pushout__1.sp""}]"
hold,CP,rise,rise,len_2,8,4,4,"[{""cell_pattern"":[],""template"":""hold/template__common__rise__rise__2.sp""},{""cell_pattern"":[],""template"":""hold/template__common__rise__rise__2.sp""},{""cell_pattern"":[""SDFKSPQSO*"",""SDFKCNQSO*"",""SEDFKCNQSO*""],""template"":""hold/template__SLH__rise__SE__rise__pushout__2.sp""},{""cell_pattern"":[""*DFDETQNRESO*""],""template"":""hold/template__DETRESO__rise__rise__2.sp""},{""cell_pattern"":[],""template"":""hold/template__common__rise__rise__2.sp""},{""cell_pattern"":[],""template"":""hold/template__common__rise__rise__2.sp""},{""cell_pattern"":[],""template"":""hold/template__common__rise__rise__2.sp""},{""cell_pattern"":[""SEDFKCNQSO*""],""template"":""hold/template__EDF__rise__E__rise__glitch__maxq__2.sp""}]"
hold,CP,rise,fall,len_2,8,4,4,"[{""cell_pattern"":[],""template"":""hold/template__common__rise__fall__2.sp""},{""cell_pattern"":[],""template"":""hold/template__common__rise__fall__2.sp""},{""cell_pattern"":[""SDFKSPQSO*"",""SDFKCNQSO*"",""SEDFKCNQSO*""],""template"":""hold/template__SLH__rise__SE__fall__pushout__2.sp""},{""cell_pattern"":[""*DFDETQNRESO*""],""template"":""hold/template__DETRESO__rise__fall__2.sp""},{""cell_pattern"":[],""template"":""hold/template__common__rise__fall__2.sp""},{""cell_pattern"":[],""template"":""hold/template__common__rise__fall__2.sp""},{""cell_pattern"":[],""template"":""hold/template__common__rise__fall__2.sp""},{""cell_pattern"":[""SEDFKCNQSO*""],""template"":""hold/template__EDF__rise__E__fall__pushout__minq__2.sp""}]"
hold,CP,fall,fall,none,4,4,4,"[{""cell_pattern"":[""*DET*""],""template"":""hold/template__common__fall__fall__3.sp""},{""cell_pattern"":[""*DFDETQNLTSO*""],""template"":""hold/template__DETLTSO__D__fall__CP__fall__pushout__1.sp""},{""cell_pattern"":[""RLH*""],""template"":""hold/template__latch__fall__fall__glitch__minq__1.sp""},{""cell_pattern"":[],""template"":""hold/template__RCB__fall__fall__pushout__minq__negative__1.sp""}]"
hold,CLKIN,rise,rise,len_1,6,3,4,"[{""cell_pattern"":[""DCCK*DIV*""],""template"":""hold/template__gclk__rise__clkdivrst__rise__pushout__1.sp""},{""cell_pattern"":[""DCCKSDIV2*""],""template"":""hold/template__gclk__rise__clkdivrst__rise__pushout__1.sp""},{""cell_pattern"":[""DCCKDIV2*""],""template"":""hold/template__gclk__rise__clken__rise__glitch__maxq__1.sp""},{""cell_pattern"":[""DCCKSDIV2*""],""template"":""hold/template__gclk__rise__clken__rise__glitch__maxq__1.sp""},{""cell_pattern"":[""DCCKSDIV2O4*""],""template"":""hold/template__gclk__rise__clken__rise__glitch__maxq__1.sp""},{""cell_pattern"":[""DCCKSDIV2O4*""],""template"":""hold/template__gclk__rise__divs__rise__glitch__maxq__1.sp""}]"
hold,CLKIN,rise,fall,len_1,6,3,4,"[{""cell_pattern"":[""DCCK*DIV*""],""template"":""hold/template__gclk__rise__clkdivrst__fall__glitch__maxq__1.sp""},{""cell_pattern"":[""DCCKSDIV2*""],""template"":""hold/template__gclk__rise__clkdivrst__fall__glitch__maxq__1.sp""},{""cell_pattern"":[""DCCKDIV2*""],""template"":""hold/template__gclk__rise__clken__fall__pushout__1.sp""},{""cell_pattern"":[""DCCKSDIV2O4*""],""template"":""hold/template__gclk__rise__clken__fall__pushout__1.sp""},{""cell_pattern"":[""DCCKSDIV2*""],""template"":""hold/template__gclk__rise__clken__fall__pushout__1.sp""},{""cell_pattern"":[""DCCKSDIV2O4*""],""template"":""hold/template__gclk__rise__divs__fall__pushout__1.sp""}]"
removal,CP,rise,rise,len_1,4,3,4,"[{""cell_pattern"":[""DCCKDIV*""],""template"":""hold/template__gclk__rise__clken__rise__glitch__maxq__1.sp""},{""cell_pattern"":[""*EDFCNSPQ*D*""],""template"":""hold/template__latch__rise__rise__glitch__maxq__1.sp""},{""cell_pattern"":[""RS*NBSP*""],""template"":""hold/template__retn__flop__removal__notD__CDN__SDN__rise__sleep__rise__pushout__maxq__1.sp""},{""cell_pattern"":[""DIV2DFCNQ*""],""template"":""hold/template__latch__rise__rise__glitch__maxq__1.sp""}]"
hold,CP,rise,fall,none,3,3,2,"[{""cell_pattern"":[""EDFKCNQ*""],""template"":""hold/template__SLH__rise__SE__fall__pushout__1.sp""},{""cell_pattern"":[],""template"":""hold/template__latch__rise__fall__pushout__1.sp""},{""cell_pattern"":[],""template"":""hold/template__latch__rise__fall__glitch__maxq__1.sp""}]"
nochange_low_high,I1,rise,fall,none,3,3,2,"[{""cell_pattern"":[""DC*CKG*MUX2*"",""CKGMUX2*"",""CKG3DMUX2*""],""template"":""nochange/template__ckgmux2__setup__rise__s__fall__20__percent__glitch__maxq__1.sp""},{""cell_pattern"":[""CKGMUX3*""],""template"":""nochange/template__ckgmux2__setup__rise__s__fall__pushout__1.sp""},{""cell_pattern"":[""CKGMUX3*""],""template"":""nochange/template__ckgmux3__setup__rise__s__fall__10__percent__glitch__minq__1.sp""}]"
nochange_low_high,I1,fall,rise,none,3,3,2,"[{""cell_pattern"":[""DC*CKG*MUX2*"",""CKGMUX2*"",""CKG3DMUX2*""],""template"":""nochange/template__ckgmux2__hold__fall__s__rise__20__percent__glitch__maxq__1.sp""},{""cell_pattern"":[""CKGMUX3*""],""template"":""nochange/template__ckgmux2__hold__fall__s__rise__pushout__1.sp""},{""cell_pattern"":[""CKGMUX3*""],""template"":""nochange/template__ckgmux3__hold__fall__s__rise__10__percent__glitch__minq__1.sp""}]"
non_seq_hold,SLEEP,fall,fall,len_1,3,3,2,"[{""cell_pattern"":[""RLH*"",""RSVNBSP*""],""template"":""non_seq_hold/template__latch__fall__fall__pushout__maxq__1.sp""},{""cell_pattern"":[""RLH*SCN*"",""RSVNBSP*SCN*""],""template"":""non_seq_hold/template__latch__CDN__fall__fall__pushout__minq__1.sp""},{""cell_pattern"":[""RLH*"",""RSVNBSP*""],""template"":""non_seq_hold/template__latch__fall__fall__pushout__minq__1.sp""}]"
non_seq_hold,SLEEP,rise,fall,len_1,3,3,3,"[{""cell_pattern"":[""RLH*"",""RSVNBSP*""],""template"":""non_seq_hold/template__latch__rise__fall__glitch__minq__1.sp""},{""cell_pattern"":[""RSVNBSP*SCN*""],""template"":""non_seq_hold/template__latch__CDN__rise__fall__glitch__maxq__1.sp""},{""cell_pattern"":[""RLH*"",""RSVNBSP*SN*""],""template"":""non_seq_hold/template__latch__rise__fall__glitch__maxq__1.sp""}]"
removal,CP,rise,fall,none,4,3,2,"[{""cell_pattern"":[""RS*NBNSP*""],""template"":""hold/template__retn__flop__removal__notD__CDN__SDN__rise__nsleep__fall__pushout__maxq__1.sp""},{""cell_pattern"":[""*MB*""],""template"":""hold/template__MB__latch__rise__fall__glitch__minq__1.sp""},{""cell_pattern"":[""*MB*""],""template"":""hold/template__MB__latch__rise__fall__glitch__maxq__1.sp""},{""cell_pattern"":[""*MB*""],""template"":""hold/template__MB__latch__rise__fall__glitch__maxq__1.sp""}]"
removal,CLK,fall,rise,none,4,3,2,"[{""cell_pattern"":[""SLH*""],""template"":""hold/template__latch__fall__rise__glitch__maxq__1.sp""},{""cell_pattern"":[""SLH*""],""template"":""hold/template__latch__fall__rise__glitch__minq__1.sp""},{""cell_pattern"":[""MB*SLH*""],""template"":""hold/template__latch__fall__rise__glitch__maxq__1.sp""},{""cell_pattern"":[""MB*SLH*""],""template"":""hold/template__SLH__fall__SDN__rise__glitch__minq__1.sp""}]"
hold,CP,fall,rise,none,3,3,3,"[{""cell_pattern"":[""*DET*""],""template"":""hold/template__common__fall__rise__3.sp""},{""cell_pattern"":[""*DFDETQNRESO*"",""*DFDETQNLTSO*""],""template"":""hold/template__DET__fall__SE__rise__pushout__1.sp""},{""cell_pattern"":[""RLH*""],""template"":""hold/template__latch__fall__rise__glitch__maxq__1.sp""}]"
hold,EN,rise,rise,none,3,3,2,"[{""cell_pattern"":[],""template"":""hold/template__basemeg__EN__rise__A__rise__glitch__maxq__1.sp""},{""cell_pattern"":[],""template"":""hold/template__basemeg__EN__rise__B__rise__glitch__maxq__1.sp""},{""cell_pattern"":[""MB*LN*QN*""],""template"":""hold/template__latch__rise__rise__glitch__minq__1.sp""}]"
hold,EN,rise,fall,none,3,3,2,"[{""cell_pattern"":[],""template"":""hold/template__basemeg__EN__rise__A__fall__glitch__minq__1.sp""},{""cell_pattern"":[],""template"":""hold/template__basemeg__EN__rise__B__fall__glitch__minq__1.sp""},{""cell_pattern"":[""MB*LN*QN*""],""template"":""hold/template__latch__rise__fall__glitch__maxq__1.sp""}]"
non_seq_hold,CDN,rise,rise,none,4,3,4,"[{""cell_pattern"":[""LHSCN*""],""template"":""non_seq_hold/template__latch__rise__rise__pushout__1.sp""},{""cell_pattern"":[""L*""],""template"":""non_seq_hold/template__latch__rise__rise__glitch__minq__1.sp""},{""cell_pattern"":[""*CSN*""],""template"":""non_seq_hold/template__flop__rise__rise__pushout__1.sp""},{""cell_pattern"":[],""template"":""non_seq_hold/template__latch__rise__rise__pushout__1.sp""}]"
min_pulse_width,[],null,fall,none,3,3,3,"[{""cell_pattern"":[""*LND2SR*""],""template"":""min_pulse_width/template__LND2SR__fall_rise__1.sp""},{""cell_pattern"":[""CKGMUX3*""],""template"":""min_pulse_width/template__CKGMUX3__fall__rise__1.sp""},{""cell_pattern"":[""CKGMUX*""],""template"":""min_pulse_width/template__S__fall__rise__1.sp""}]"
unknown,[],null,rise,none,2,2,1,"[{""cell_pattern"":[],""template"":""hold/template__ckg__nx__rise__clken__rise__glitch__maxq__1.sp""},{""cell_pattern"":[],""template"":""min_pulse_width/template__sync1p5__CP__rise__fall__1.sp""}]"
unknown,[],null,fall,none,2,2,1,"[{""cell_pattern"":[],""template"":""hold/template__ckg__nx__rise__clken__fall__pushout__1.sp""},{""cell_pattern"":[],""template"":""min_pulse_width/template__sync1p5__CPN__fall__rise__1.sp""}]"
hold,CLKIN,rise,rise,len_3,2,2,1,"[{""cell_pattern"":[""DCCKSDIV2MX*"",""DCCKSDIV2RPMX*"",""DCCKDIV2*"",""DCCKSDIV2*""],""template"":""hold/template__gclk__rise__scanmode__rise__pushout__3.sp""},{""cell_pattern"":[""DCCKSDIV2MX*"",""DCCKSDIV2RPMX*"",""DCCKDIV2*"",""DCCKSDIV2*""],""template"":""hold/template__gclk__rise__clkdivrst__rise__pushout__3.sp""}]"
hold,CLKIN,rise,fall,len_3,2,2,1,"[{""cell_pattern"":[""DCCKSDIV2MX*"",""DCCKSDIV2RPMX*"",""DCCKDIV2*"",""DCCKSDIV2*""],""template"":""hold/template__gclk__rise__scanmode__fall__pushout__3.sp""},{""cell_pattern"":[""DCCKSDIV2MX*"",""DCCKSDIV2RPMX*"",""DCCKDIV2*"",""DCCKSDIV2*""],""template"":""hold/template__gclk__rise__clkdivrst__fall__glitch__maxq__3.sp""}]"
hold,CLKIN,rise,rise,len_2,2,2,2,"[{""cell_pattern"":[""DCCKSDIV2MX*"",""DCCKSDIV2RPMX*"",""DCCKDIV2*"",""DCCKSDIV2*""],""template"":""hold/template__gclk__rise__scanmode__rise__pushout__2.sp""},{""cell_pattern"":[""DCCK*DIV2O4*""],""template"":""hold/template__gclk__rise__clkdivrst__rise__nx__pushout__1.sp""}]"
hold,CLKIN,rise,fall,len_2,2,2,2,"[{""cell_pattern"":[""DCCKSDIV2MX*"",""DCCKSDIV2RPMX*"",""DCCKDIV2*"",""DCCKSDIV2*""],""template"":""hold/template__gclk__rise__scanmode__fall__pushout__2.sp""},{""cell_pattern"":[""DCCK*DIV2O4*""],""template"":""hold/template__gclk__rise__clkdivrst__fall__pushout__maxq__2.sp""}]"
hold,CLK,rise,rise,none,3,2,3,"[{""cell_pattern"":[""CKLNTSRQ*"",""CKLNTRPQ*"",""CKLNTQ*""],""template"":""hold/template__latch__rise__rise__glitch__maxq__1.sp""},{""cell_pattern"":[""ESLH*""],""template"":""hold/template__SLH__rise__SE__rise__pushout__1.sp""},{""cell_pattern"":[""CKLNTSRQ*"",""CKLNTRPQ*""],""template"":""hold/template__latch__rise__rise__glitch__maxq__1.sp""}]"
hold,CLK,rise,fall,none,3,2,3,"[{""cell_pattern"":[""CKLNTSRQ*"",""CKLNTRPQ*"",""CKLNTQ*""],""template"":""hold/template__latch__rise__fall__glitch__minq__1.sp""},{""cell_pattern"":[""ESLH*""],""template"":""hold/template__SLH__rise__SE__fall__pushout__1.sp""},{""cell_pattern"":[""CKLNTSRQ*"",""CKLNTRPQ*""],""template"":""hold/template__latch__rise__fall__glitch__minq__1.sp""}]"
nochange_low_low,CP,fall,fall,none,2,2,2,"[{""cell_pattern"":[""*CKG*NR*"",""*CKG*ND*""],""template"":""nochange/template__ckgn__setup__fall__en__fall__pushout__1.sp""},{""cell_pattern"":[""*CKG*AN*"",""*CKG*OR*""],""template"":""nochange/template__ckg__setup__fall__en__fall__pushout__1.sp""}]"
nochange_low_low,CP,rise,rise,none,2,2,2,"[{""cell_pattern"":[""*CKG*NR*"",""*CKG*ND*""],""template"":""nochange/template__ckgn__hold__rise__en__rise__pushout__negative__1.sp""},{""cell_pattern"":[""*CKG*AN*"",""*CKG*OR*""],""template"":""nochange/template__ckg__hold__rise__en__rise__pushout__negative__1.sp""}]"
nochange_high_high,S,rise,rise,contains_iq3_iq4_preZ_tgo,2,2,1,"[{""cell_pattern"":[""DC*CKG*MUX2*"",""CKGMUX2*"",""CKG3DMUX2*""],""template"":""nochange/template__ckgmux2__setup__rise__s__rise__20__percent__glitch__maxq__1.sp""},{""cell_pattern"":[""DC*CKG*MUX2*"",""CKGMUX2*"",""CKG3DMUX2*""],""template"":""nochange/template__ckgmux2__setup__s__rise__rise__pushout__maxq__1.sp""}]"
nochange_high_high,S,fall,fall,contains_iq3_iq4_preZ_tgo,2,2,1,"[{""cell_pattern"":[""DC*CKG*MUX2*"",""CKGMUX2*"",""CKG3DMUX2*""],""template"":""nochange/template__ckgmux2__hold__fall__s__fall__20__percent__glitch__maxq__1.sp""},{""cell_pattern"":[""DC*CKG*MUX2*"",""CKGMUX2*"",""CKG3DMUX2*""],""template"":""nochange/template__ckgmux2__hold__s__fall__fall__pushout__minq__1.sp""}]"
nochange_high_low,S,fall,rise,contains_iq3_iq4_preZ_tgo,2,2,1,"[{""cell_pattern"":[""DC*CKG*MUX2*"",""CKGMUX2*"",""CKG3DMUX2*""],""template"":""nochange/template__ckgmux2__setup__fall__s__rise__20__percent__glitch__maxq__1.sp""},{""cell_pattern"":[""DC*CKG*MUX2*"",""CKGMUX2*"",""CKG3DMUX2*""],""template"":""nochange/template__ckgmux2__setup__s__fall__rise__pushout__maxq__1.sp""}]"
nochange_high_low,S,rise,fall,contains_iq3_iq4_preZ_tgo,2,2,1,"[{""cell_pattern"":[""DC*CKG*MUX2*"",""CKGMUX2*"",""CKG3DMUX2*""],""template"":""nochange/template__ckgmux2__hold__rise__s__fall__20__percent__glitch__maxq__1.sp""},{""cell_pattern"":[""DC*CKG*MUX2*"",""CKGMUX2*"",""CKG3DMUX2*""],""template"":""nochange/template__ckgmux2__hold__s__rise__fall__pushout__minq__1.sp""}]"
nochange_low_high,S,rise,fall,contains_iq3_iq4_preZ_tgo,2,2,1,"[{""cell_pattern"":[""DC*CKG*MUX2*"",""CKGMUX2*"",""CKG3DMUX2*""],""template"":""nochange/template__ckgmux2__setup__rise__s__fall__20__percent__glitch__minq__1.sp""},{""cell_pattern"":[""DC*CKG*MUX2*"",""CKGMUX2*"",""CKG3DMUX2*""],""template"":""nochange/template__ckgmux2__setup__s__rise__fall__pushout__minq__1.sp""}]"
nochange_low_high,S,fall,rise,contains_iq3_iq4_preZ_tgo,2,2,1,"[{""cell_pattern"":[""DC*CKG*MUX2*"",""CKGMUX2*"",""CKG3DMUX2*""],""template"":""nochange/template__ckgmux2__hold__fall__s__rise__20__percent__glitch__minq__1.sp""},{""cell_pattern"":[""DC*CKG*MUX2*"",""CKGMUX2*"",""CKG3DMUX2*""],""template"":""nochange/template__ckgmux2__hold__s__fall__rise__pushout__maxq__1.sp""}]"
nochange_low_low,S,fall,fall,contains_iq3_iq4_preZ_tgo,2,2,1,"[{""cell_pattern"":[""DC*CKG*MUX2*"",""CKGMUX2*"",""CKG3DMUX2*""],""template"":""nochange/template__ckgmux2__setup__fall__s__fall__20__percent__glitch__minq__1.sp""},{""cell_pattern"":[""DC*CKG*MUX2*"",""CKGMUX2*"",""CKG3DMUX2*""],""template"":""nochange/template__ckgmux2__setup__s__fall__fall__pushout__minq__1.sp""}]"
nochange_low_low,S,rise,rise,contains_iq3_iq4_preZ_tgo,2,2,1,"[{""cell_pattern"":[""DC*CKG*MUX2*"",""CKGMUX2*"",""CKG3DMUX2*""],""template"":""nochange/template__ckgmux2__hold__rise__s__rise__20__percent__glitch__minq__1.sp""},{""cell_pattern"":[""DC*CKG*MUX2*"",""CKGMUX2*"",""CKG3DMUX2*""],""template"":""nochange/template__ckgmux2__hold__s__rise__rise__pushout__maxq__1.sp""}]"
nochange_high_high,I0,rise,rise,none,2,2,2,"[{""cell_pattern"":[""DC*CKG*MUX2*"",""CKGMUX2*"",""CKG3DMUX2*""],""template"":""nochange/template__ckgmux2__setup__rise__s__rise__20__percent__glitch__maxq__1.sp""},{""cell_pattern"":[""CKGMUX3*""],""template"":""nochange/template__ckgmux3__setup__rise__s__rise__10__percent__glitch__minq__1.sp""}]"
nochange_high_high,I0,fall,fall,none,2,2,2,"[{""cell_pattern"":[""DC*CKG*MUX2*"",""CKGMUX2*"",""CKG3DMUX2*""],""template"":""nochange/template__ckgmux2__hold__fall__s__fall__20__percent__glitch__maxq__1.sp""},{""cell_pattern"":[""CKGMUX3*""],""template"":""nochange/template__ckgmux3__hold__fall__s__fall__10__percent__glitch__minq__1.sp""}]"
nochange_high_high,S,rise,rise,none,2,2,1,"[{""cell_pattern"":[""DC*CKG*MUX2*"",""CKGMUX2*"",""CKG3DMUX2*""],""template"":""nochange/template__ckgmux2__setup__s__rise__rise__pushout__1.sp""},{""cell_pattern"":[""DC*CKG*MUX2*"",""CKGMUX2*"",""CKG3DMUX2*""],""template"":""nochange/template__ckgmux2__setup__rise__s__rise__20__percent__glitch__minq__1.sp""}]"
nochange_high_high,S,fall,fall,none,2,2,1,"[{""cell_pattern"":[""DC*CKG*MUX2*"",""CKGMUX2*"",""CKG3DMUX2*""],""template"":""nochange/template__ckgmux2__hold__s__fall__fall__pushout__1.sp""},{""cell_pattern"":[""DC*CKG*MUX2*"",""CKGMUX2*"",""CKG3DMUX2*""],""template"":""nochange/template__ckgmux2__hold__fall__s__fall__20__percent__glitch__minq__1.sp""}]"
nochange_high_high,I1,rise,rise,none,3,2,2,"[{""cell_pattern"":[""DC*CKG*MUX2*"",""CKGMUX2*"",""CKG3DMUX2*""],""template"":""nochange/template__ckgmux2__setup__rise__s__rise__pushout__1.sp""},{""cell_pattern"":[""CKGMUX3*""],""template"":""nochange/template__ckgmux3__setup__rise__s__rise__10__percent__glitch__minq__1.sp""},{""cell_pattern"":[""CKGMUX3*""],""template"":""nochange/template__ckgmux2__setup__rise__s__rise__pushout__1.sp""}]"
nochange_high_high,I1,fall,fall,none,3,2,2,"[{""cell_pattern"":[""DC*CKG*MUX2*"",""CKGMUX2*"",""CKG3DMUX2*""],""template"":""nochange/template__ckgmux2__hold__fall__s__fall__pushout__1.sp""},{""cell_pattern"":[""CKGMUX3*""],""template"":""nochange/template__ckgmux3__hold__fall__s__fall__10__percent__glitch__minq__1.sp""},{""cell_pattern"":[""CKGMUX3*""],""template"":""nochange/template__ckgmux2__hold__fall__s__fall__pushout__1.sp""}]"
nochange_high_low,S,fall,rise,none,2,2,1,"[{""cell_pattern"":[""DC*CKG*MUX2*"",""CKGMUX2*"",""CKG3DMUX2*""],""template"":""nochange/template__ckgmux2__setup__fall__s__rise__20__percent__glitch__minq__1.sp""},{""cell_pattern"":[""DC*CKG*MUX2*"",""CKGMUX2*"",""CKG3DMUX2*""],""template"":""nochange/template__ckgmux2__setup__s__fall__rise__pushout__1.sp""}]"
nochange_high_low,S,rise,fall,none,2,2,1,"[{""cell_pattern"":[""DC*CKG*MUX2*"",""CKGMUX2*"",""CKG3DMUX2*""],""template"":""nochange/template__ckgmux2__hold__rise__s__fall__20__percent__glitch__minq__1.sp""},{""cell_pattern"":[""DC*CKG*MUX2*"",""CKGMUX2*"",""CKG3DMUX2*""],""template"":""nochange/template__ckgmux2__hold__s__rise__fall__pushout__1.sp""}]"
nochange_low_high,S,rise,fall,none,2,2,1,"[{""cell_pattern"":[""DC*CKG*MUX2*"",""CKGMUX2*"",""CKG3DMUX2*""],""template"":""nochange/template__ckgmux2__setup__s__rise__fall__pushout__1.sp""},{""cell_pattern"":[""DC*CKG*MUX2*"",""CKGMUX2*"",""CKG3DMUX2*""],""template"":""nochange/template__ckgmux2__setup__rise__s__fall__20__percent__glitch__maxq__1.sp""}]"
nochange_low_high,S,fall,rise,none,2,2,1,"[{""cell_pattern"":[""DC*CKG*MUX2*"",""CKGMUX2*"",""CKG3DMUX2*""],""template"":""nochange/template__ckgmux2__hold__s__fall__rise__pushout__1.sp""},{""cell_pattern"":[""DC*CKG*MUX2*"",""CKGMUX2*"",""CKG3DMUX2*""],""template"":""nochange/template__ckgmux2__hold__fall__s__rise__20__percent__glitch__maxq__1.sp""}]"
nochange_low_low,S,fall,fall,none,2,2,1,"[{""cell_pattern"":[""DC*CKG*MUX2*"",""CKGMUX2*"",""CKG3DMUX2*""],""template"":""nochange/template__ckgmux2__setup__fall__s__fall__20__percent__glitch__maxq__1.sp""},{""cell_pattern"":[""DC*CKG*MUX2*"",""CKGMUX2*"",""CKG3DMUX2*""],""template"":""nochange/template__ckgmux2__setup__s__fall__fall__pushout__1.sp""}]"
nochange_low_low,S,rise,rise,none,2,2,1,"[{""cell_pattern"":[""DC*CKG*MUX2*"",""CKGMUX2*"",""CKG3DMUX2*""],""template"":""nochange/template__ckgmux2__hold__rise__s__rise__20__percent__glitch__maxq__1.sp""},{""cell_pattern"":[""DC*CKG*MUX2*"",""CKGMUX2*"",""CKG3DMUX2*""],""template"":""nochange/template__ckgmux2__hold__s__rise__rise__pushout__1.sp""}]"
nochange_high_high,CP1,rise,rise,none,2,2,2,"[{""cell_pattern"":[""DC*CK*AOMUX2*""],""template"":""nochange/template__ckg__setup__rise__en__rise__pushout__1.sp""},{""cell_pattern"":[""DC*CKPGMUX2*"",""CKPGMUX2*""],""template"":""nochange/template__ckgmux2__setup__rise__s__rise__20__percent__glitch__minq__1.sp""}]"
nochange_high_high,CP1,fall,fall,none,2,2,2,"[{""cell_pattern"":[""DC*CK*AOMUX2*""],""template"":""nochange/template__ckg__hold__fall__en__fall__pushout__negative__1.sp""},{""cell_pattern"":[""DC*CKPGMUX2*"",""CKPGMUX2*""],""template"":""nochange/template__ckgmux2__hold__fall__s__fall__20__percent__glitch__minq__1.sp""}]"
nochange_low_high,CP1,rise,fall,none,2,2,2,"[{""cell_pattern"":[""DC*CK*AOMUX2*""],""template"":""nochange/template__ckg__setup__rise__en__fall__20__percent__glitch__minq__1.sp""},{""cell_pattern"":[""DC*CKPGMUX2*"",""CKPGMUX2*""],""template"":""nochange/template__ckgmux2__setup__rise__s__fall__pushout__1.sp""}]"
nochange_low_high,CP1,fall,rise,none,2,2,2,"[{""cell_pattern"":[""DC*CK*AOMUX2*""],""template"":""nochange/template__ckg__hold__fall__en__rise__20__percent__glitch__minq__1.sp""},{""cell_pattern"":[""DC*CKPGMUX2*"",""CKPGMUX2*""],""template"":""nochange/template__ckgmux2__hold__fall__s__rise__pushout__1.sp""}]"
nochange_high_high,CP2,rise,rise,none,2,2,2,"[{""cell_pattern"":[""DC*CKAOMUX2*""],""template"":""nochange/template__ckg__setup__rise__en__rise__pushout__1.sp""},{""cell_pattern"":[""DC*CKPGMUX2*"",""CKPGMUX2*""],""template"":""nochange/template__ckgmux2__setup__rise__s__rise__pushout__1.sp""}]"
nochange_high_high,CP2,fall,fall,none,2,2,2,"[{""cell_pattern"":[""DC*CKAOMUX2*""],""template"":""nochange/template__ckg__hold__fall__en__fall__pushout__negative__1.sp""},{""cell_pattern"":[""DC*CKPGMUX2*"",""CKPGMUX2*""],""template"":""nochange/template__ckgmux2__hold__fall__s__fall__pushout__1.sp""}]"
nochange_low_high,CP2,rise,fall,none,2,2,2,"[{""cell_pattern"":[""DC*CKAOMUX2*""],""template"":""nochange/template__ckg__setup__rise__en__fall__20__percent__glitch__minq__1.sp""},{""cell_pattern"":[""DC*CKPGMUX2*"",""CKPGMUX2*""],""template"":""nochange/template__ckgmux2__setup__rise__s__fall__20__percent__glitch__minq__1.sp""}]"
nochange_low_high,CP2,fall,rise,none,2,2,2,"[{""cell_pattern"":[""DC*CKAOMUX2*""],""template"":""nochange/template__ckg__hold__fall__en__rise__20__percent__glitch__minq__1.sp""},{""cell_pattern"":[""DC*CKPGMUX2*"",""CKPGMUX2*""],""template"":""nochange/template__ckgmux2__hold__fall__s__rise__20__percent__glitch__minq__1.sp""}]"
non_seq_hold,SLEEP,fall,fall,len_2,2,2,1,"[{""cell_pattern"":[""RSVNBSP*SYNC2*""],""template"":""non_seq_hold/template__latch__fall__fall__pushout__maxq__2.sp""},{""cell_pattern"":[""RSVNBSP*SYNC2*""],""template"":""non_seq_hold/template__latch__fall__fall__pushout__minq__2.sp""}]"
non_seq_hold,SLEEP,rise,fall,len_2,2,2,1,"[{""cell_pattern"":[""RSVNBSP*SYNC2*""],""template"":""non_seq_hold/template__latch__rise__fall__glitch__minq__2.sp""},{""cell_pattern"":[""RSVNBSP*SYNC2*""],""template"":""non_seq_hold/template__latch__rise__fall__glitch__maxq__2.sp""}]"
removal,CP,fall,rise,none,2,2,1,"[{""cell_pattern"":[""RLH*""],""template"":""hold/template__latch__fall__rise__glitch__maxq__1.sp""},{""cell_pattern"":[""RLH*""],""template"":""hold/template__latch__fall__rise__glitch__minq__1.sp""}]"
hold,CPN,fall,rise,none,5,2,2,"[{""cell_pattern"":[""SDFN*""],""template"":""hold/template__common__fall__rise__1.sp""},{""cell_pattern"":[],""template"":""hold/template__common__fall__rise__1.sp""},{""cell_pattern"":[],""template"":""hold/template__latch__fall__rise__glitch__minq__1.sp""},{""cell_pattern"":[],""template"":""hold/template__latch__fall__rise__glitch__minq__1.sp""},{""cell_pattern"":[],""template"":""hold/template__latch__fall__rise__glitch__minq__1.sp""}]"
hold,CPN,fall,fall,none,5,2,2,"[{""cell_pattern"":[""SDFN*""],""template"":""hold/template__common__fall__fall__1.sp""},{""cell_pattern"":[],""template"":""hold/template__common__fall__fall__1.sp""},{""cell_pattern"":[],""template"":""hold/template__latch__fall__fall__pushout__1.sp""},{""cell_pattern"":[],""template"":""hold/template__latch__fall__fall__pushout__1.sp""},{""cell_pattern"":[],""template"":""hold/template__latch__fall__fall__pushout__1.sp""}]"
hold,E,fall,rise,len_1,3,2,2,"[{""cell_pattern"":[""SLH*QNSON*""],""template"":""hold/template__SLH__QN__fall__SE__rise__glitch__maxq__1.sp""},{""cell_pattern"":[""SLH*QNSON*""],""template"":""hold/template__SLH__QN__fall__SE__rise__glitch__minq__1.sp""},{""cell_pattern"":[""MB*SRLSLH*QNSON*""],""template"":""hold/template__SLH__QN__fall__SE__rise__glitch__maxq__1.sp""}]"
hold,E,fall,fall,len_1,3,2,2,"[{""cell_pattern"":[""SLH*QNSON*""],""template"":""hold/template__SLH__QN__fall__SE__fall__glitch__minq__1.sp""},{""cell_pattern"":[""SLH*QNSON*""],""template"":""hold/template__SLH__QN__fall__SE__fall__glitch__maxq__1.sp""},{""cell_pattern"":[""MB*SRLSLH*QNSON*""],""template"":""hold/template__SLH__QN__fall__SE__fall__glitch__minq__1.sp""}]"
hold,E,fall,rise,len_2,2,2,1,"[{""cell_pattern"":[""SLH*QSO*""],""template"":""hold/template__SLH__fall__SE__rise__glitch__minq__2.sp""},{""cell_pattern"":[""SLH*QSO*""],""template"":""hold/template__SLH__fall__SE__rise__glitch__maxq__2.sp""}]"
hold,E,fall,fall,len_2,2,2,1,"[{""cell_pattern"":[""SLH*QSO*""],""template"":""hold/template__SLH__fall__SE__fall__glitch__maxq__2.sp""},{""cell_pattern"":[""SLH*QSO*""],""template"":""hold/template__SLH__fall__SE__fall__glitch__minq__2.sp""}]"
hold,CP,fall,fall,len_1,2,2,2,"[{""cell_pattern"":[""*DFDETQNRESO*""],""template"":""hold/template__DET__fall__SE__fall__pushout__1.sp""},{""cell_pattern"":[""*DFDET*""],""template"":""hold/template__SLH__fall__SE__fall__pushout__3.sp""}]"
hold,E,rise,rise,none,3,2,3,"[{""cell_pattern"":[""MB*SRLSLH*""],""template"":""hold/template__SLH__rise__SE__rise__pushout__1.sp""},{""cell_pattern"":[""SLH*"",""MB*SLH*""],""template"":""hold/template__SLH__rise__SE__rise__pushout__1.sp""},{""cell_pattern"":[],""template"":""hold/template__common__rise__rise__1.sp""}]"
hold,E,fall,rise,contains_QN,2,2,2,"[{""cell_pattern"":[""PTISOLHRP*""],""template"":""hold/template__latch__fall__rise__glitch__maxq__1.sp""},{""cell_pattern"":[],""template"":""hold/template__latch__fall__rise__glitch__minq__1.sp""}]"
hold,E,fall,fall,contains_QN,2,2,2,"[{""cell_pattern"":[""PTISOLHRP*""],""template"":""hold/template__latch__fall__fall__glitch__minq__1.sp""},{""cell_pattern"":[],""template"":""hold/template__latch__fall__fall__glitch__maxq__1.sp""}]"
hold,CLK*|CP,rise,rise,contains_CLKOUT_Q,2,2,1,"[{""cell_pattern"":[],""template"":""hold/template__latch__S__rise__rise__glitch__maxq__1.sp""},{""cell_pattern"":[],""template"":""hold/template__latch__rise__rise__glitch__maxq__1.sp""}]"
hold,CLK*|CP,rise,fall,contains_CLKOUT_Q,2,2,1,"[{""cell_pattern"":[],""template"":""hold/template__latch__S__rise__fall__pushout__1.sp""},{""cell_pattern"":[],""template"":""hold/template__latch__rise__fall__pushout__1.sp""}]"
non_seq_hold,SDN,rise,rise,none,4,2,4,"[{""cell_pattern"":[""LHSCN*""],""template"":""non_seq_hold/template__latch__rise__rise__glitch__maxq__1.sp""},{""cell_pattern"":[""L*""],""template"":""non_seq_hold/template__latch__rise__rise__pushout__1.sp""},{""cell_pattern"":[""*CSN*""],""template"":""non_seq_hold/template__latch__rise__rise__glitch__maxq__1.sp""},{""cell_pattern"":[],""template"":""non_seq_hold/template__latch__rise__rise__glitch__maxq__1.sp""}]"
non_seq_hold,SDN,rise,fall,contains_Q|len_2,2,2,2,"[{""cell_pattern"":[""*SDRPQ*""],""template"":""non_seq_hold/template__latch__rise__fall__pushout__2.sp""},{""cell_pattern"":[],""template"":""non_seq_hold/template__latch__rise__fall__glitch__maxq__2.sp""}]"
non_seq_hold,CD,fall,rise,contains_Q|len_2,2,2,2,"[{""cell_pattern"":[""*SDRPQ*""],""template"":""non_seq_hold/template__latch__fall__rise__glitch__minq__2.sp""},{""cell_pattern"":[],""template"":""non_seq_hold/template__latch__fall__rise__pushout__2.sp""}]"
non_seq_hold,SDN,rise,fall,none,2,2,2,"[{""cell_pattern"":[""*SDRPQ*""],""template"":""non_seq_hold/template__latch__rise__fall__pushout__1.sp""},{""cell_pattern"":[],""template"":""non_seq_hold/template__latch__rise__fall__glitch__maxq__1.sp""}]"
non_seq_hold,CD,fall,rise,none,2,2,2,"[{""cell_pattern"":[""*SDRPQ*""],""template"":""non_seq_hold/template__latch__fall__rise__glitch__minq__1.sp""},{""cell_pattern"":[],""template"":""non_seq_hold/template__latch__fall__rise__pushout__1.sp""}]"
unknown,[],null,null,contains_sl_ax_sl_bx|len_2,2,2,1,"[{""cell_pattern"":[],""template"":""nochange_low_low/template__retn__nonseqhold__RETN__rise__CD__rise__SDN__pushout__maxq__minqx__2.sp""},{""cell_pattern"":[],""template"":""hold/template__retn__removal__fall__rise__glitch__maxq__minqx__2.sp""}]"
unknown,[],null,null,contains_bl_b_sl_a_sl_b|len_2,2,2,1,"[{""cell_pattern"":[],""template"":""nochange_low_low/template__retn__nonseqhold__RETN__rise__CD__rise__SDN__pushout__2.sp""},{""cell_pattern"":[],""template"":""hold/template__retn__removal__fall__rise__glitch__minq__2.sp""}]"
removal,CPN,fall,rise,contains_Q|len_1,2,2,1,"[{""cell_pattern"":[],""template"":""hold/template__latch__fall__rise__glitch__minq__1.sp""},{""cell_pattern"":[],""template"":""hold/template__latch__fall__rise__glitch__maxq__1.sp""}]"
removal,CPN,fall,rise,contains_QN|len_1,2,2,1,"[{""cell_pattern"":[],""template"":""hold/template__latch__fall__rise__glitch__maxq__1.sp""},{""cell_pattern"":[],""template"":""hold/template__latch__fall__rise__glitch__minq__1.sp""}]"
removal,CP,rise,fall,contains_Q|len_2,2,2,1,"[{""cell_pattern"":[],""template"":""hold/template__retn__removal__notD__rise__fall__pushout__2.sp""},{""cell_pattern"":[],""template"":""hold/template__latch__rise__fall__glitch__maxq__2.sp""}]"
removal,CP,rise,rise,contains_Q|len_1,2,2,1,"[{""cell_pattern"":[],""template"":""hold/template__latch__rise__rise__glitch__maxq__1.sp""},{""cell_pattern"":[],""template"":""hold/template__latch__rise__rise__glitch__minq__1.sp""}]"
removal,CP,rise,rise,contains_QN|len_1,2,2,1,"[{""cell_pattern"":[],""template"":""hold/template__latch__rise__rise__glitch__minq__1.sp""},{""cell_pattern"":[],""template"":""hold/template__latch__rise__rise__glitch__maxq__1.sp""}]"
removal,E,fall,rise,len_1,2,2,1,"[{""cell_pattern"":[],""template"":""hold/template__latch__fall__rise__glitch__maxq__1.sp""},{""cell_pattern"":[],""template"":""hold/template__latch__fall__rise__glitch__minq__1.sp""}]"
removal,E,fall,rise,len_2,2,2,1,"[{""cell_pattern"":[],""template"":""hold/template__latch__fall__rise__glitch__maxq__2.sp""},{""cell_pattern"":[],""template"":""hold/template__latch__fall__rise__glitch__minq__2.sp""}]"
removal,EN,rise,rise,len_1,2,2,1,"[{""cell_pattern"":[],""template"":""hold/template__latch__rise__rise__glitch__maxq__1.sp""},{""cell_pattern"":[],""template"":""hold/template__latch__rise__rise__glitch__minq__1.sp""}]"
removal,EN,rise,rise,len_2,2,2,1,"[{""cell_pattern"":[],""template"":""hold/template__latch__rise__rise__glitch__maxq__2.sp""},{""cell_pattern"":[],""template"":""hold/template__latch__rise__rise__glitch__minq__2.sp""}]"
min_pulse_width,[],null,rise,none,2,2,2,"[{""cell_pattern"":[""CKGMUX3*""],""template"":""min_pulse_width/template__CKGMUX3__rise__fall__1.sp""},{""cell_pattern"":[""CKGMUX*""],""template"":""min_pulse_width/template__S__rise__fall__1.sp""}]"
